<!--
Version-independent descriptor for the Loop device from Sharc device
However, lists existing versions, and when they were uploaded, in the <versions> element.
Not sure if we need that! Depends on what's available in the DB... 
-->
<device name="Another Device">
    <description>Mono Transient Shaper</description>
    <subcategories>
		<subcategory>Transient Shaper</subcategory>
	</subcategories> 
    <author>niceboy</author>
    <site>http://forums.planetz.com/viewtopic.php?f=16&amp;t=28778</site>
    <screenshots>
       <url>http://psy-works.net/repo/whatever/screenshot1.png</url>
    </screenshots>
    <demo-tracks>
       <url>http://soundcloud.com/who/knows/coolness.mp3</url>
       <url>http://niceboy.net/AnotherDevice/thebiz.mp3</url>
    </demo-tracks>
	<versions>
		<version name="1.0" added="09:02:04 04-01-2013" />
	</versions>
</device>
